model_id,comparison_group,fold_id,n_eligible,n_scored,coverage,MAE,RMSE,WAPE,SMAPE
naive,core_cv,1,2160,2160,1.0,31.55324074074074,40.22224716082714,0.3078198110310191,0.30960534730470257
naive,core_cv,2,2160,2160,1.0,30.325925925925926,39.30837249426829,0.30143945808636746,0.30677630395902167
naive,core_cv,3,2160,2160,1.0,33.94814814814815,43.413590208767744,0.29491634491634494,0.3010679271253884
naive,core_cv,4,2160,2160,1.0,37.70185185185185,49.652691919117686,0.30111964029521826,0.30416709166450595
naive,core_cv,5,2160,2160,1.0,38.03055555555556,48.25079158821012,0.3010654166559771,0.30595872805511787
naive,core_cv,6,2160,2160,1.0,36.407407407407405,45.958213709927925,0.3094077422756263,0.31067119978204455
naive,core_cv,7,1890,1890,1.0,31.605291005291004,40.121429442744194,0.3103855007248598,0.3138905754916207
seasonal_naive,core_cv,1,2160,1088,0.5037037037037037,35.92922794117647,45.905343386915085,0.3747148252525834,0.35085132166704924
seasonal_naive,core_cv,2,2160,1358,0.6287037037037037,35.76656848306333,45.013800861971625,0.3534544237290602,0.34116932659757276
seasonal_naive,core_cv,3,2160,1554,0.7194444444444444,42.08944658944659,54.69613615391228,0.3601449235462219,0.339191935319431
seasonal_naive,core_cv,4,2160,1753,0.8115740740740741,46.1500285225328,59.1508315959633,0.36632811544853133,0.34835368147059786
seasonal_naive,core_cv,5,2160,2096,0.9703703703703703,42.75429389312977,55.16036215830272,0.33993505754538766,0.326241776500387
seasonal_naive,core_cv,6,2160,2160,1.0,42.3537037037037,54.49899761225651,0.3599422417897176,0.33548074210282963
seasonal_naive,core_cv,7,1890,1890,1.0,34.5005291005291,44.86765960362629,0.33881871229559735,0.3244522920133986
moving_avg_4,core_cv,1,2160,2160,1.0,25.43865740740741,32.53373960925739,0.24816857261575706,0.24874315332534427
moving_avg_4,core_cv,2,2160,2160,1.0,24.053935185185185,31.068047142373477,0.2390959209218422,0.2435635983863319
moving_avg_4,core_cv,3,2160,2160,1.0,27.172685185185184,34.99493845676246,0.23605614543114542,0.24222792241854124
moving_avg_4,core_cv,4,2160,2160,1.0,29.96388888888889,38.94685139772272,0.23931756666814571,0.24309747225706183
moving_avg_4,core_cv,5,2160,2160,1.0,30.097800925925927,38.94180316273008,0.2382664897691414,0.24266906653484885
moving_avg_4,core_cv,6,2160,2160,1.0,29.273958333333333,37.08774747448922,0.2487842447563178,0.24957740645526785
moving_avg_4,core_cv,7,1890,1890,1.0,25.436904761904763,32.36397408822144,0.24980774326971542,0.2510637956570584
local_lgb,core_cv,1,2160,2160,1.0,30.814132049904583,38.8234836995098,0.3006093853440369,0.2895270122587057
local_lgb,core_cv,2,2160,2160,1.0,26.891268874614777,34.65093120374569,0.26729899481448993,0.2630116392212392
local_lgb,core_cv,3,2160,2160,1.0,28.47355838186678,36.8325227233932,0.2473571674100396,0.25132453248628195
local_lgb,core_cv,4,2160,2160,1.0,30.668802137414026,39.61937671536662,0.24494761435570503,0.2502451598611198
local_lgb,core_cv,5,2160,2160,1.0,31.154001595087173,39.86364009317531,0.24662780581851743,0.2504927979560347
local_lgb,core_cv,6,2160,2160,1.0,28.582437259930327,36.412835418012946,0.24290736449227268,0.2458098829924567
local_lgb,core_cv,7,1890,1890,1.0,25.180700880700535,31.711992459792935,0.24729164652053776,0.24850866566575655
global_lgb,core_cv,1,2160,2160,1.0,23.744473806562404,30.09263278572571,0.23164084793134423,0.23535171679688718
global_lgb,core_cv,2,2160,2160,1.0,23.325372220513376,29.556000889331493,0.23185401095381997,0.23580156628095464
global_lgb,core_cv,3,2160,2160,1.0,25.251881017938064,32.28953569982966,0.2193696227427052,0.22411911101523682
global_lgb,core_cv,4,2160,2160,1.0,28.071863867081824,36.51393432602022,0.22420621626989964,0.22795436698786148
global_lgb,core_cv,5,2160,2160,1.0,27.79591515134517,35.67912219122427,0.22004382145165519,0.22549976101502628
global_lgb,core_cv,6,2160,2160,1.0,25.557692724936647,32.90659201421171,0.2172016237055085,0.2218801027793738
global_lgb,core_cv,7,1890,1890,1.0,22.43269684248228,28.80366042357572,0.22030437374859838,0.22499764077085974
global_xgb,core_cv,1,2160,2160,1.0,23.752850204043916,30.120314095731068,0.23172256445330364,0.23548700059650532
global_xgb,core_cv,2,2160,2160,1.0,23.332604475374573,29.584358438239875,0.2319258995085644,0.23608743753024974
global_xgb,core_cv,3,2160,2160,1.0,25.217906860068993,32.566639511531726,0.2190744804446148,0.2235306670405128
global_xgb,core_cv,4,2160,2160,1.0,28.28885515001085,36.70860444164693,0.2259392965790457,0.22981869326279183
global_xgb,core_cv,5,2160,2160,1.0,27.72162580843325,35.715062982428734,0.21945571665933356,0.2251818985080783
global_xgb,core_cv,6,2160,2160,1.0,25.80280928435149,33.03247390598206,0.21928474268166184,0.22412259523402314
global_xgb,core_cv,7,1890,1890,1.0,22.46910260316556,28.998397949723095,0.2206619031336959,0.22553426321842823
global_rf,core_cv,1,2160,2160,1.0,23.424356544602244,29.840442767099763,0.22851792195698897,0.2328648398964497
global_rf,core_cv,2,2160,2160,1.0,23.166407904715626,29.38277645758844,0.23027390694228247,0.23459494852874155
global_rf,core_cv,3,2160,2160,1.0,25.550822312430288,32.499466900278904,0.22196660310026312,0.22641688815060868
global_rf,core_cv,4,2160,2160,1.0,28.00618419317207,36.21518861614223,0.22368164151266684,0.22723204718060974
global_rf,core_cv,5,2160,2160,1.0,27.705002861501324,35.6585030078219,0.21932412261946213,0.22517178066948915
global_rf,core_cv,6,2160,2160,1.0,26.040825373199336,33.42488030832598,0.22130751842758611,0.22618953029535582
global_rf,core_cv,7,1890,1890,1.0,22.754896089575176,29.129792195045283,0.2234685899750954,0.22837163014118908
without_lag_rolling,ablation_cv,1,2160,2160,1.0,23.712798256214256,30.106088475392287,0.23133183492052278,0.23544751987809345
without_lag_rolling,ablation_cv,2,2160,2160,1.0,24.121825658420935,30.717476963009005,0.23977075167594347,0.24298544342525874
without_lag_rolling,ablation_cv,3,2160,2160,1.0,25.772815077918427,33.06809692289971,0.22389511168075854,0.22913497792329193
without_lag_rolling,ablation_cv,4,2160,2160,1.0,28.465573040618587,36.94771114763424,0.22735071869864426,0.2315155498040011
without_lag_rolling,ablation_cv,5,2160,2160,1.0,27.983928123336447,35.877852107245374,0.22153220895802736,0.2274562040699754
without_lag_rolling,ablation_cv,6,2160,2160,1.0,26.087362080661592,33.61425736313329,0.22170300985678104,0.2265629706414172
without_lag_rolling,ablation_cv,7,1890,1890,1.0,22.38386176048975,28.63420219247765,0.21982477995607,0.22484797410211663
without_price,ablation_cv,1,2160,2160,1.0,23.813507084460092,30.050285500904735,0.23231430682363105,0.23606754900082058
without_price,ablation_cv,2,2160,2160,1.0,23.317988788742916,29.491565874768206,0.23178061970182184,0.23573433269705668
without_price,ablation_cv,3,2160,2160,1.0,25.229599300161123,32.38863322892727,0.2191760556963804,0.22388457867162834
without_price,ablation_cv,4,2160,2160,1.0,27.914161323497684,36.39835590821124,0.22294666717973036,0.22668349233219287
without_price,ablation_cv,5,2160,2160,1.0,27.799389623464645,35.647944456261335,0.2200713267925851,0.22551438080676808
without_price,ablation_cv,6,2160,2160,1.0,25.79860069213271,33.111568897878065,0.21924897603115578,0.22402525901217138
without_price,ablation_cv,7,1890,1890,1.0,22.435218373972194,28.868735555648154,0.22032913690657593,0.22488785445047665
without_promotion,ablation_cv,1,2160,2160,1.0,23.68744708346714,30.022998540236873,0.23108451981052983,0.23471342860644578
without_promotion,ablation_cv,2,2160,2160,1.0,23.24589736221312,29.459805857523467,0.23106403150600238,0.23539220302562097
without_promotion,ablation_cv,3,2160,2160,1.0,25.41926570937344,32.554773789533364,0.2208237368574913,0.22523030033331143
without_promotion,ablation_cv,4,2160,2160,1.0,28.157031455633653,36.619178943577396,0.22488643839082653,0.22851986633961419
without_promotion,ablation_cv,5,2160,2160,1.0,27.843563161731694,35.76471833844309,0.22042102257034227,0.22599788597501583
without_promotion,ablation_cv,6,2160,2160,1.0,25.791930211613288,33.070438080313416,0.21919228706414665,0.2239431474334955
without_promotion,ablation_cv,7,1890,1890,1.0,22.439943666404286,28.83319559172956,0.22037554249915095,0.22494950132613778
without_external_enrichment,ablation_cv,1,2160,2160,1.0,23.915496854853878,30.249431393915607,0.2333092750459974,0.23678475751681272
without_external_enrichment,ablation_cv,2,2160,2160,1.0,23.393988793500075,29.483963987168035,0.2325360591335648,0.23677060169149944
without_external_enrichment,ablation_cv,3,2160,2160,1.0,25.289270886409867,32.458046932836616,0.2196944382024023,0.22408122549757628
without_external_enrichment,ablation_cv,4,2160,2160,1.0,27.96056758404095,36.43047666508719,0.22331730776622316,0.22704790042301412
without_external_enrichment,ablation_cv,5,2160,2160,1.0,27.77342709491311,35.689706532606685,0.2198657968085597,0.22535304671637807
without_external_enrichment,ablation_cv,6,2160,2160,1.0,25.484869451812337,32.80473470160866,0.21658273633815564,0.22129565975354681
without_external_enrichment,ablation_cv,7,1890,1890,1.0,22.5561934780303,28.968381337659732,0.2215171948884509,0.2261901147354832
without_calendar_lifecycle,ablation_cv,1,2160,2160,1.0,25.417828484768226,31.943162482476954,0.24796537462784027,0.24830486660774775
without_calendar_lifecycle,ablation_cv,2,2160,2160,1.0,24.47331301721047,30.765125004471216,0.24326453317552652,0.24507919876297096
without_calendar_lifecycle,ablation_cv,3,2160,2160,1.0,25.771102818928483,33.14817363525474,0.22388023684397332,0.22751990032867025
without_calendar_lifecycle,ablation_cv,4,2160,2160,1.0,28.435074561101217,36.729204640337684,0.22710713142823888,0.23091083926579903
without_calendar_lifecycle,ablation_cv,5,2160,2160,1.0,27.772224930863963,35.80246820046519,0.21985627998675525,0.22556677906488562
without_calendar_lifecycle,ablation_cv,6,2160,2160,1.0,26.27993844155569,33.52389404654688,0.22333961683549647,0.22751702383229333
without_calendar_lifecycle,ablation_cv,7,1890,1890,1.0,22.825192271653737,29.17436939375428,0.22415894639895642,0.22839982980385526
without_operational,ablation_cv,1,2160,2160,1.0,23.773502842559584,29.965877582532105,0.23192404268932443,0.23572944423634315
without_operational,ablation_cv,2,2160,2160,1.0,23.432828353517344,29.630706193727207,0.232922124045565,0.2369280252813484
without_operational,ablation_cv,3,2160,2160,1.0,25.37622027334536,32.38615846050507,0.2204497900194095,0.22500927038014704
without_operational,ablation_cv,4,2160,2160,1.0,28.090361390777275,36.53173884440334,0.22435395351377332,0.22801442692804894
without_operational,ablation_cv,5,2160,2160,1.0,27.912002859110387,35.9406786050784,0.2209628191785203,0.22656795911683883
without_operational,ablation_cv,6,2160,2160,1.0,25.813963152990745,33.09150011726307,0.2193795336475412,0.2239677497037718
without_operational,ablation_cv,7,1890,1890,1.0,22.407075853234144,28.74566440824479,0.22005275817019673,0.2247288316401581
lgb_dl,dl_cv,1,2160,2160,1.0,23.695957044443887,30.042282246717082,0.23116753932035658,0.23500856206859685
lgb_dl,dl_cv,2,2160,2160,1.0,23.393070550320967,29.567861451732067,0.23252693180380155,0.23641943903488996
lgb_dl,dl_cv,3,2160,2160,1.0,25.207423961578133,32.22347619943533,0.21898341279363243,0.2236061795714448
lgb_dl,dl_cv,4,2160,2160,1.0,27.969952365764748,36.41979522570904,0.2233922627606893,0.22718224470283924
lgb_dl,dl_cv,5,2160,2160,1.0,27.796074819376482,35.73590000418797,0.2200450854490297,0.22555189933509381
lgb_dl,dl_cv,6,2160,2160,1.0,25.667665817049933,33.017753042051204,0.21813622818753262,0.2227936982879218
lgb_dl,dl_cv,7,1890,1890,1.0,22.4374398279411,28.825413686518502,0.2203509530987559,0.22489427090553774
global_lgb,ablation_cv,1,2160,2160,1.0,23.744473806562404,30.09263278572571,0.23164084793134423,0.23535171679688718
global_lgb,ablation_cv,2,2160,2160,1.0,23.325372220513376,29.556000889331493,0.23185401095381997,0.23580156628095464
global_lgb,ablation_cv,3,2160,2160,1.0,25.251881017938064,32.28953569982966,0.2193696227427052,0.22411911101523682
global_lgb,ablation_cv,4,2160,2160,1.0,28.071863867081824,36.51393432602022,0.22420621626989964,0.22795436698786148
global_lgb,ablation_cv,5,2160,2160,1.0,27.79591515134517,35.67912219122427,0.22004382145165519,0.22549976101502628
global_lgb,ablation_cv,6,2160,2160,1.0,25.557692724936647,32.90659201421171,0.2172016237055085,0.2218801027793738
global_lgb,ablation_cv,7,1890,1890,1.0,22.43269684248228,28.80366042357572,0.22030437374859838,0.22499764077085974
global_lgb,dl_cv,1,2160,2160,1.0,23.744473806562404,30.09263278572571,0.23164084793134423,0.23535171679688718
global_lgb,dl_cv,2,2160,2160,1.0,23.325372220513376,29.556000889331493,0.23185401095381997,0.23580156628095464
global_lgb,dl_cv,3,2160,2160,1.0,25.251881017938064,32.28953569982966,0.2193696227427052,0.22411911101523682
global_lgb,dl_cv,4,2160,2160,1.0,28.071863867081824,36.51393432602022,0.22420621626989964,0.22795436698786148
global_lgb,dl_cv,5,2160,2160,1.0,27.79591515134517,35.67912219122427,0.22004382145165519,0.22549976101502628
global_lgb,dl_cv,6,2160,2160,1.0,25.557692724936647,32.90659201421171,0.2172016237055085,0.2218801027793738
global_lgb,dl_cv,7,1890,1890,1.0,22.43269684248228,28.80366042357572,0.22030437374859838,0.22499764077085974
naive,core_common,1,2160,1088,0.5037037037037037,28.98988970588235,36.98279359457346,0.3023427464964245,0.3051684271698852
naive,core_common,2,2160,1358,0.6287037037037037,29.593519882179677,38.603532158857064,0.2924507706414007,0.2994999319284112
naive,core_common,3,2160,1554,0.7194444444444444,34.513513513513516,44.227881863204054,0.2953202689234801,0.30132460823844315
naive,core_common,4,2160,1753,0.8115740740740741,38.452367370222476,50.580627575286854,0.3052258844518504,0.3072915222519113
naive,core_common,5,2160,2096,0.9703703703703703,37.94513358778626,48.12526890972753,0.3016979113717576,0.3061515210229527
naive,core_common,6,2160,2160,1.0,36.407407407407405,45.958213709927925,0.3094077422756263,0.31067119978204455
naive,core_common,7,1890,1890,1.0,31.605291005291004,40.121429442744194,0.3103855007248598,0.3138905754916207
seasonal_naive,core_common,1,2160,1088,0.5037037037037037,35.92922794117647,45.905343386915085,0.3747148252525834,0.35085132166704924
seasonal_naive,core_common,2,2160,1358,0.6287037037037037,35.76656848306333,45.013800861971625,0.3534544237290602,0.34116932659757276
seasonal_naive,core_common,3,2160,1554,0.7194444444444444,42.08944658944659,54.69613615391228,0.3601449235462219,0.339191935319431
seasonal_naive,core_common,4,2160,1753,0.8115740740740741,46.1500285225328,59.1508315959633,0.36632811544853133,0.34835368147059786
seasonal_naive,core_common,5,2160,2096,0.9703703703703703,42.75429389312977,55.16036215830272,0.33993505754538766,0.326241776500387
seasonal_naive,core_common,6,2160,2160,1.0,42.3537037037037,54.49899761225651,0.3599422417897176,0.33548074210282963
seasonal_naive,core_common,7,1890,1890,1.0,34.5005291005291,44.86765960362629,0.33881871229559735,0.3244522920133986
moving_avg_4,core_common,1,2160,1088,0.5037037037037037,23.01125919117647,29.225003262906775,0.2399901267230306,0.24271568488060846
moving_avg_4,core_common,2,2160,1358,0.6287037037037037,23.181516936671574,29.92441078492177,0.22908570929572544,0.23542021384767187
moving_avg_4,core_common,3,2160,1554,0.7194444444444444,27.294401544401545,35.26259393306214,0.2335488098318953,0.23940074754149124
moving_avg_4,core_common,4,2160,1753,0.8115740740740741,30.31745579007416,39.54283729292991,0.24065286198792807,0.2441917692917849
moving_avg_4,core_common,5,2160,2096,0.9703703703703703,30.025405534351144,38.79211843926193,0.23872895629281765,0.24295001758175744
moving_avg_4,core_common,6,2160,2160,1.0,29.273958333333333,37.08774747448922,0.2487842447563178,0.24957740645526785
moving_avg_4,core_common,7,1890,1890,1.0,25.436904761904763,32.36397408822144,0.24980774326971542,0.2510637956570584
local_lgb,core_common,1,2160,1088,0.5037037037037037,27.03031532840476,33.602350367666176,0.2819058595243993,0.2778482392009294
local_lgb,core_common,2,2160,1358,0.6287037037037037,25.5522595313616,33.226571299538364,0.2525139970279662,0.25170261878776634
local_lgb,core_common,3,2160,1554,0.7194444444444444,28.878506818889175,37.04386724141621,0.24710345402891742,0.25004235080509063
local_lgb,core_common,4,2160,1753,0.8115740740740741,30.815726000109077,39.848026852035574,0.24460801419194275,0.24936663281150456
local_lgb,core_common,5,2160,2096,0.9703703703703703,31.007001599092256,39.622326779095836,0.2465335271176375,0.2502197591716319
local_lgb,core_common,6,2160,2160,1.0,28.582437259930327,36.412835418012946,0.24290736449227268,0.2458098829924567
local_lgb,core_common,7,1890,1890,1.0,25.180700880700535,31.711992459792935,0.24729164652053776,0.24850866566575655
global_lgb,core_common,1,2160,1088,0.5037037037037037,22.345427169135323,27.86100747402491,0.23304599950172766,0.23712041325056923
global_lgb,core_common,2,2160,1358,0.6287037037037037,22.56947059545717,28.64444482624913,0.22303731002220112,0.22802231161222217
global_lgb,core_common,3,2160,1554,0.7194444444444444,25.474124951760786,32.592962748435774,0.2179733288643228,0.22297617335613026
global_lgb,core_common,4,2160,1753,0.8115740740740741,28.281709885480268,36.74491268984379,0.2244935878848182,0.22797200705004175
global_lgb,core_common,5,2160,2096,0.9703703703703703,27.61631926390781,35.367148014755905,0.21957455552030122,0.22505169006208967
global_lgb,core_common,6,2160,2160,1.0,25.557692724936647,32.90659201421171,0.2172016237055085,0.2218801027793738
global_lgb,core_common,7,1890,1890,1.0,22.43269684248228,28.80366042357572,0.22030437374859838,0.22499764077085974
global_xgb,core_common,1,2160,1088,0.5037037037037037,22.160807125708637,27.670827055697355,0.23112055130050224,0.2353622080482236
global_xgb,core_common,2,2160,1358,0.6287037037037037,22.667515284182922,28.933665178310378,0.22400621283907793,0.22907472341236698
global_xgb,core_common,3,2160,1554,0.7194444444444444,25.37548876238299,32.83627712175262,0.21712933290426986,0.2217396160768488
global_xgb,core_common,4,2160,1753,0.8115740740740741,28.634343357815172,37.12617698701656,0.22729270978138316,0.23098172485094254
global_xgb,core_common,5,2160,2096,0.9703703703703703,27.556923793472407,35.44393350285491,0.21910230815467138,0.22482842887973603
global_xgb,core_common,6,2160,2160,1.0,25.80280928435149,33.03247390598206,0.21928474268166184,0.22412259523402314
global_xgb,core_common,7,1890,1890,1.0,22.46910260316556,28.998397949723095,0.2206619031336959,0.22553426321842823
global_rf,core_common,1,2160,1088,0.5037037037037037,22.406045511867447,28.005134633869257,0.23367820322570293,0.2379721948074114
global_rf,core_common,2,2160,1358,0.6287037037037037,22.36108058652695,28.388531612914367,0.22097794638623466,0.22665544944065089
global_rf,core_common,3,2160,1554,0.7194444444444444,25.603663186263113,32.71923757061409,0.2190817429999663,0.22373933905901475
global_rf,core_common,4,2160,1753,0.8115740740740741,28.441384454118758,36.76547381852757,0.22576104720579862,0.22895664672175442
global_rf,core_common,5,2160,2096,0.9703703703703703,27.553425920910623,35.40115124747809,0.21907449692444622,0.22490941626169036
global_rf,core_common,6,2160,2160,1.0,26.040825373199336,33.42488030832598,0.22130751842758611,0.22618953029535582
global_rf,core_common,7,1890,1890,1.0,22.754896089575176,29.129792195045283,0.2234685899750954,0.22837163014118908
