model_id,model,phase,comparison_group,source,source_notebook,n_folds,n_eligible,n_scored,coverage,cohort_hash,WAPE_std,MAE,RMSE,WAPE,SMAPE,delta_WAPE,rank,rank_group,notes
naive,Naive,6,core_cv,rerun,notebooks/06_baseline_models.ipynb,7.0,14850.0,14850.0,1.0,5d0ef47460176c752ff56a6cff73cc730d4c45c9095ceffca5f0af41b1712175,0.005628792149929803,34.22463151927438,43.84676236055187,0.30373627342648757,0.30744816762605737,N/A,6.0,core_cv:5d0ef47460176c752ff56a6cff73cc730d4c45c9095ceffca5f0af41b1712175,Own finite-prediction coverage; macro mean of 7 folds; rank only within identical key cohorts.
seasonal_naive,Seasonal Naive,6,core_cv,rerun,notebooks/06_baseline_models.ipynb,7.0,14850.0,11899.0,0.8012794612794613,98a02ba205410fe39c134b2cffeca287de08e6cd0c539a7f49e822d3a19ea749,0.013223334379024738,39.93482831908312,51.327590196135404,0.3561911856581571,0.3379630108101809,N/A,N/A,N/A,Own finite-prediction coverage; macro mean of 7 folds; rank only within identical key cohorts.
moving_avg_4,Moving Average (4w),6,core_cv,rerun,notebooks/06_baseline_models.ipynb,7.0,14850.0,14850.0,1.0,5d0ef47460176c752ff56a6cff73cc730d4c45c9095ceffca5f0af41b1712175,0.00585405174862882,27.348261526832953,35.133871618793826,0.242785240490295,0.24584891643349346,N/A,4.0,core_cv:5d0ef47460176c752ff56a6cff73cc730d4c45c9095ceffca5f0af41b1712175,Own finite-prediction coverage; macro mean of 7 folds; rank only within identical key cohorts.
local_lgb,Local per-SKU LightGBM,7,core_cv,rerun,notebooks/07_core_forecasting.ipynb,7.0,14850.0,14850.0,1.0,5d0ef47460176c752ff56a6cff73cc730d4c45c9095ceffca5f0af41b1712175,0.02099992106107266,28.82355731135974,36.844968901856646,0.2567199969650856,0.25698852720594206,N/A,5.0,core_cv:5d0ef47460176c752ff56a6cff73cc730d4c45c9095ceffca5f0af41b1712175,Own finite-prediction coverage; macro mean of 7 folds; rank only within identical key cohorts.
global_lgb,Global LightGBM,7,core_cv,rerun,notebooks/07_core_forecasting.ipynb,7.0,14850.0,14850.0,1.0,5d0ef47460176c752ff56a6cff73cc730d4c45c9095ceffca5f0af41b1712175,0.005992305178434714,25.168556518694253,32.263068332845535,0.22351721668621874,0.2279434665208857,N/A,1.0,core_cv:5d0ef47460176c752ff56a6cff73cc730d4c45c9095ceffca5f0af41b1712175,Own finite-prediction coverage; macro mean of 7 folds; rank only within identical key cohorts.
global_xgb,Global XGBoost,7,core_cv,rerun,notebooks/07_core_forecasting.ipynb,7.0,14850.0,14850.0,1.0,5d0ef47460176c752ff56a6cff73cc730d4c45c9095ceffca5f0af41b1712175,0.005838178311552876,25.226536340778377,32.38940733218335,0.22400922906574566,0.22853750791294133,N/A,2.0,core_cv:5d0ef47460176c752ff56a6cff73cc730d4c45c9095ceffca5f0af41b1712175,Own finite-prediction coverage; macro mean of 7 folds; rank only within identical key cohorts.
global_rf,Global Random Forest,7,core_cv,rerun,notebooks/07_core_forecasting.ipynb,7.0,14850.0,14850.0,1.0,5d0ef47460176c752ff56a6cff73cc730d4c45c9095ceffca5f0af41b1712175,0.0039446918125703705,25.235499325599438,32.30729289318607,0.2240771863620493,0.22869166640892052,N/A,3.0,core_cv:5d0ef47460176c752ff56a6cff73cc730d4c45c9095ceffca5f0af41b1712175,Own finite-prediction coverage; macro mean of 7 folds; rank only within identical key cohorts.
without_lag_rolling,LightGBM without lag_rolling,11,ablation_cv,rerun,notebooks/11_feature_ablation.ipynb,7.0,14850.0,14850.0,1.0,5d0ef47460176c752ff56a6cff73cc730d4c45c9095ceffca5f0af41b1712175,0.007061823075170493,25.50402342823714,32.709383595970216,0.22648691653524963,0.23113580569202205,0.0029696998490308935,N/A,N/A,Delta vs the same-run full LightGBM; positive delta means worse WAPE. No new significance claim.
without_price,LightGBM without price,11,ablation_cv,rerun,notebooks/11_feature_ablation.ipynb,7.0,14850.0,14850.0,1.0,5d0ef47460176c752ff56a6cff73cc730d4c45c9095ceffca5f0af41b1712175,0.005843482496156768,25.18692359806162,32.27958420322843,0.22369529844741148,0.22811392099587352,0.00017808176119274433,N/A,N/A,Delta vs the same-run full LightGBM; positive delta means worse WAPE. No new significance claim.
without_promotion,LightGBM without promotion,11,ablation_cv,rerun,notebooks/11_feature_ablation.ipynb,7.0,14850.0,14850.0,1.0,5d0ef47460176c752ff56a6cff73cc730d4c45c9095ceffca5f0af41b1712175,0.005164331822422249,25.226439807205228,32.332158448765306,0.22397822552835572,0.22839233329137734,0.000461008842136984,N/A,N/A,Delta vs the same-run full LightGBM; positive delta means worse WAPE. No new significance claim.
without_external_enrichment,LightGBM without external_enrichment,11,ablation_cv,rerun,notebooks/11_feature_ablation.ipynb,7.0,14850.0,14850.0,1.0,5d0ef47460176c752ff56a6cff73cc730d4c45c9095ceffca5f0af41b1712175,0.006539681787859813,25.196259163365788,32.297820221554645,0.22383182974047913,0.2282176151906158,0.0003146130542603931,N/A,N/A,Delta vs the same-run full LightGBM; positive delta means worse WAPE. No new significance claim.
without_calendar_lifecycle,LightGBM without calendar_lifecycle,11,ablation_cv,rerun,notebooks/11_feature_ablation.ipynb,7.0,14850.0,14850.0,1.0,5d0ef47460176c752ff56a6cff73cc730d4c45c9095ceffca5f0af41b1712175,0.010999016833043202,25.8535249322974,33.01234248618671,0.2299388741852553,0.23332834823803172,0.006421657499036559,N/A,N/A,Delta vs the same-run full LightGBM; positive delta means worse WAPE. No new significance claim.
without_operational,LightGBM without operational,11,ablation_cv,rerun,notebooks/11_feature_ablation.ipynb,7.0,14850.0,14850.0,1.0,5d0ef47460176c752ff56a6cff73cc730d4c45c9095ceffca5f0af41b1712175,0.005783316150431234,25.257993532219263,32.32747488739343,0.22429214589490434,0.22870652961237944,0.0007749292086856041,N/A,N/A,Delta vs the same-run full LightGBM; positive delta means worse WAPE. No new significance claim.
lgb_dl,LightGBM + DL embeddings,11b,dl_cv,rerun,notebooks/11b_dl_feature_experiment.ipynb,7.0,14850.0,14850.0,1.0,5d0ef47460176c752ff56a6cff73cc730d4c45c9095ceffca5f0af41b1712175,0.005934493870077537,25.166797769496466,32.261783122335885,0.2235146304876854,0.22792232770090345,-2.586198533327533e-06,N/A,N/A,Embeddings fit on training fold only; delta vs same-run LightGBM. No new significance claim.
global_lgb,Global LightGBM,7,ablation_cv,rerun,notebooks/07_core_forecasting.ipynb,7.0,14850.0,14850.0,1.0,5d0ef47460176c752ff56a6cff73cc730d4c45c9095ceffca5f0af41b1712175,0.005992305178434714,25.168556518694253,32.263068332845535,0.22351721668621874,0.2279434665208857,0.0,N/A,N/A,Own finite-prediction coverage; macro mean of 7 folds; rank only within identical key cohorts.
global_lgb,Global LightGBM,7,dl_cv,rerun,notebooks/07_core_forecasting.ipynb,7.0,14850.0,14850.0,1.0,5d0ef47460176c752ff56a6cff73cc730d4c45c9095ceffca5f0af41b1712175,0.005992305178434714,25.168556518694253,32.263068332845535,0.22351721668621874,0.2279434665208857,0.0,N/A,N/A,Own finite-prediction coverage; macro mean of 7 folds; rank only within identical key cohorts.
naive,Naive,6,core_common,rerun,notebooks/06_baseline_models.ipynb,7.0,14850.0,11899.0,0.8012794612794613,98a02ba205410fe39c134b2cffeca287de08e6cd0c539a7f49e822d3a19ea749,0.0067140167333708325,33.929588924611814,43.51424960776016,0.30240440355505704,0.3062853979836098,N/A,6.0,core_common:98a02ba205410fe39c134b2cffeca287de08e6cd0c539a7f49e822d3a19ea749,Own finite-prediction coverage; macro mean of 7 folds; rank only within identical key cohorts.
seasonal_naive,Seasonal Naive,6,core_common,rerun,notebooks/06_baseline_models.ipynb,7.0,14850.0,11899.0,0.8012794612794613,98a02ba205410fe39c134b2cffeca287de08e6cd0c539a7f49e822d3a19ea749,0.013223334379024738,39.93482831908312,51.327590196135404,0.3561911856581571,0.3379630108101809,N/A,7.0,core_common:98a02ba205410fe39c134b2cffeca287de08e6cd0c539a7f49e822d3a19ea749,Own finite-prediction coverage; macro mean of 7 folds; rank only within identical key cohorts.
moving_avg_4,Moving Average (4w),6,core_common,rerun,notebooks/06_baseline_models.ipynb,7.0,14850.0,11899.0,0.8012794612794613,98a02ba205410fe39c134b2cffeca287de08e6cd0c539a7f49e822d3a19ea749,0.007484262321021907,26.934414584559,34.599812182256166,0.24008549316534716,0.2436170907508057,N/A,4.0,core_common:98a02ba205410fe39c134b2cffeca287de08e6cd0c539a7f49e822d3a19ea749,Own finite-prediction coverage; macro mean of 7 folds; rank only within identical key cohorts.
local_lgb,Local per-SKU LightGBM,7,core_common,rerun,notebooks/07_core_forecasting.ipynb,7.0,14850.0,11899.0,0.8012794612794613,98a02ba205410fe39c134b2cffeca287de08e6cd0c539a7f49e822d3a19ea749,0.01358789155300406,28.149563916926816,35.92399577393686,0.25183769470052475,0.25335687849073374,N/A,5.0,core_common:98a02ba205410fe39c134b2cffeca287de08e6cd0c539a7f49e822d3a19ea749,Own finite-prediction coverage; macro mean of 7 folds; rank only within identical key cohorts.
global_lgb,Global LightGBM,7,core_common,rerun,notebooks/07_core_forecasting.ipynb,7.0,14850.0,11899.0,0.8012794612794613,98a02ba205410fe39c134b2cffeca287de08e6cd0c539a7f49e822d3a19ea749,0.005430233301991269,24.896777347594327,31.845818313013847,0.22223296846392543,0.22686004841161236,N/A,1.0,core_common:98a02ba205410fe39c134b2cffeca287de08e6cd0c539a7f49e822d3a19ea749,Own finite-prediction coverage; macro mean of 7 folds; rank only within identical key cohorts.
global_xgb,Global XGBoost,7,core_common,rerun,notebooks/07_core_forecasting.ipynb,7.0,14850.0,11899.0,0.8012794612794613,98a02ba205410fe39c134b2cffeca287de08e6cd0c539a7f49e822d3a19ea749,0.005057755586270241,24.95242717301131,32.005964528762426,0.22265682297075173,0.22737765138865276,N/A,2.0,core_common:98a02ba205410fe39c134b2cffeca287de08e6cd0c539a7f49e822d3a19ea749,Own finite-prediction coverage; macro mean of 7 folds; rank only within identical key cohorts.
global_rf,Global Random Forest,7,core_common,rerun,notebooks/07_core_forecasting.ipynb,7.0,14850.0,11899.0,0.8012794612794613,98a02ba205410fe39c134b2cffeca287de08e6cd0c539a7f49e822d3a19ea749,0.005144477073733056,25.023045874637344,31.976314483824947,0.22333564930640432,0.22811345810386666,N/A,3.0,core_common:98a02ba205410fe39c134b2cffeca287de08e6cd0c539a7f49e822d3a19ea749,Own finite-prediction coverage; macro mean of 7 folds; rank only within identical key cohorts.
recorded_lgb_top5,Global LightGBM (same top-5 series),7,recorded_ets_top5,recorded,notebooks/07_core_forecasting.ipynb,N/A,N/A,N/A,N/A,N/A,N/A,28.363,34.93,0.214,0.216,N/A,N/A,N/A,"Recorded 3-decimal scores; 5 series selected on the full table. ETS uses a fixed-origin multi-step forecast, with origin/target alignment different from ML; successful-fit coverage is not recorded. No fresh-CV rank. Counts/std/coverage unavailable (N/A)."
recorded_ets,ETS (Holt-Winters),7,recorded_ets_top5,recorded,notebooks/07_core_forecasting.ipynb,N/A,N/A,N/A,N/A,N/A,N/A,39.11,47.418,0.301,0.292,N/A,N/A,N/A,"Recorded 3-decimal scores; 5 series selected on the full table. ETS uses a fixed-origin multi-step forecast, with origin/target alignment different from ML; successful-fit coverage is not recorded. No fresh-CV rank. Counts/std/coverage unavailable (N/A)."
recorded_cold_0_7_analog,Analog,10,recorded_cold_0_7,recorded,notebooks/10_cold_start.ipynb,N/A,N/A,N/A,N/A,N/A,N/A,N/A,N/A,0.326,N/A,N/A,N/A,N/A,"Recorded 3-decimal WAPE, weeks 0-7 (launch window); 5 held-out SKUs, not time-respecting CV. Age starts at first modeling-table appearance, not zero-history launch. Analog may score fewer rows than ML. MAE/RMSE/SMAPE/counts/std/coverage unavailable (N/A); no rank."
recorded_cold_0_7_meta-learner,Meta-learner,10,recorded_cold_0_7,recorded,notebooks/10_cold_start.ipynb,N/A,N/A,N/A,N/A,N/A,N/A,N/A,N/A,0.255,N/A,N/A,N/A,N/A,"Recorded 3-decimal WAPE, weeks 0-7 (launch window); 5 held-out SKUs, not time-respecting CV. Age starts at first modeling-table appearance, not zero-history launch. Analog may score fewer rows than ML. MAE/RMSE/SMAPE/counts/std/coverage unavailable (N/A); no rank."
recorded_cold_0_7_full,Full LightGBM,10,recorded_cold_0_7,recorded,notebooks/10_cold_start.ipynb,N/A,N/A,N/A,N/A,N/A,N/A,N/A,N/A,0.241,N/A,N/A,N/A,N/A,"Recorded 3-decimal WAPE, weeks 0-7 (launch window); 5 held-out SKUs, not time-respecting CV. Age starts at first modeling-table appearance, not zero-history launch. Analog may score fewer rows than ML. MAE/RMSE/SMAPE/counts/std/coverage unavailable (N/A); no rank."
recorded_cold_8_plus_analog,Analog,10,recorded_cold_8_plus,recorded,notebooks/10_cold_start.ipynb,N/A,N/A,N/A,N/A,N/A,N/A,N/A,N/A,0.339,N/A,N/A,N/A,N/A,"Recorded 3-decimal WAPE, weeks 8+; 5 held-out SKUs, not time-respecting CV. Age starts at first modeling-table appearance, not zero-history launch. Analog may score fewer rows than ML. MAE/RMSE/SMAPE/counts/std/coverage unavailable (N/A); no rank."
recorded_cold_8_plus_meta-learner,Meta-learner,10,recorded_cold_8_plus,recorded,notebooks/10_cold_start.ipynb,N/A,N/A,N/A,N/A,N/A,N/A,N/A,N/A,0.241,N/A,N/A,N/A,N/A,"Recorded 3-decimal WAPE, weeks 8+; 5 held-out SKUs, not time-respecting CV. Age starts at first modeling-table appearance, not zero-history launch. Analog may score fewer rows than ML. MAE/RMSE/SMAPE/counts/std/coverage unavailable (N/A); no rank."
recorded_cold_8_plus_full,Full LightGBM,10,recorded_cold_8_plus,recorded,notebooks/10_cold_start.ipynb,N/A,N/A,N/A,N/A,N/A,N/A,N/A,N/A,0.24,N/A,N/A,N/A,N/A,"Recorded 3-decimal WAPE, weeks 8+; 5 held-out SKUs, not time-respecting CV. Age starts at first modeling-table appearance, not zero-history launch. Analog may score fewer rows than ML. MAE/RMSE/SMAPE/counts/std/coverage unavailable (N/A); no rank."
